Name	Lat	Lng	SiteID	State	Type	Elevation
Annie Springs	42.87007	-122.16518	1000	OR	SNTL	6010
Long Lake	58.186	-133.83217	1001	AK	SNTL	850
Point Mackenzie	61.3898	-150.02667	1002	AK	SNTL	250
Mcneil Canyon	59.74433	-151.25133	1003	AK	SNTL	1320
Ute Creek	37.61497	-105.37327	1005	CO	SNTL	10650
Lewis Peak	40.3572	-116.8647	1006	NV	SNTL	7370
Onion Park	46.91348	-110.8536	1008	MT	SNTL	7410
Stringer Creek	46.9269	-110.90198	1009	MT	SNTL	6550
Crazyman Flat	42.6381	-120.94917	1010	OR	SNTL	6180
MF Nooksack	48.82453	-121.92951	1011	WA	SNTL	4970
Swift Creek	46.1638	-122.18402	1012	WA	SNTL	4440
Temple Fork	41.793	-111.54605	1013	UT	SNTL	7406
Middle Fork Camp	39.7956	-106.0273	1014	CO	SNTL	8940
Sage Creek Basin	41.401	-107.25717	1015	WY	SNTL	7850
Long Valley	44.78835	-116.08878	1016	ID	SNTL	4890
Vacas Locas	36.02635	-106.81362	1017	NM	SNTL	9306
Arapaho Ridge	40.35098	-106.38142	1030	CO	SNTL	10960
Never Summer	40.40405	-105.95583	1031	CO	SNTL	10280
Rawah	40.7075	-106.0076	1032	CO	SNTL	9020
Zirkel	40.79488	-106.59535	1033	CO	SNTL	9340
Sierra Blanca	33.40472	-105.78722	1034	NM	SNTL	10280
Moraine	61.37727	-148.99917	1035	AK	SNTL	2100
Johnsons Camp	64.5646	-164.29257	1036	AK	SNTL	25
Nuka Glacier	59.69867	-150.70967	1037	AK	SNTL	1250
Schweitzer Saddle	48.37431	-116.63926	1038	ID	SNTL	6110
Cascade Mountain	40.283	-111.60992	1039	UT	SNTL	7774
Mccoy Park	39.60468	-106.54128	1040	CO	SNTL	9480
Beaver Ck Village	39.59917	-106.51142	1041	CO	SNTL	8500
Wild Basin	40.20105	-105.60248	1042	CO	SNTL	9560
Sentinel Butte	48.86133	-118.39843	1043	WA	SNTL	4680
Toketee Airstrip	43.22718	-122.42537	1044	OR	SNTL	3240
Crow Creek	41.2287	-105.38278	1045	WY	SNTL	8330
Cinnabar Park	41.23837	-106.23095	1046	WY	SNTL	9574
Little Snake River	41.07053	-106.94283	1047	WY	SNTL	8915
Mcknight Cabin	33.00812	-107.86975	1048	NM	SNTL	9240
Forestdale Creek	38.68245	-119.9597	1049	CA	SNTL	8017
Horse Meadow	38.83652	-119.88732	1050	CA	SNTL	8557
Burnside Lake	38.71943	-119.8942	1051	CA	SNTL	8129
Summit Meadow	38.39747	-119.53522	1052	CA	SNTL	9313
Myrtle Creek	48.72263	-116.46312	1053	ID	SNTL	3520
Farmington Lower	40.992	-111.81702	1054	UT	SNTL	6779
Upper Tsaina River	61.19112	-145.64807	1055	AK	SNTL	1750
Lightning Ridge	41.35891	-111.48749	1056	UT	SNTL	8215
Glen Cove	38.87583	-105.07367	1057	CO	SNTL	11460
Grayback	37.47033	-106.53783	1058	CO	SNTL	11620
Cochetopa Pass	38.16283	-106.59883	1059	CO	SNTL	10020
Sharkstooth	37.50357	-108.11373	1060	CO	SNTL	10720
Bear River	40.06153	-107.00955	1061	CO	SNTL	9080
Anchor River Divide	59.85972	-151.315	1062	AK	SNTL	1653
Kachemak Creek	59.72893	-150.66113	1063	AK	SNTL	1660
Middle Fork Bradley	59.77683	-150.75733	1064	AK	SNTL	2300
Gutz Peak	37.49617	-113.94235	1065	UT	SNTL	6763
Gardner Peak	37.40083	-113.45988	1066	UT	SNTL	8322
Carson Pass	38.6927	-120.0022	1067	CA	SNTL	8360
Sawmill Ridge	47.15992	-121.42172	1068	WA	SNTL	4640
Lynn Lake	47.20172	-121.77972	1069	WA	SNTL	3900
Anchorage Hillside	61.11483	-149.66683	1070	AK	SNTL	2080
Esther Island	60.798	-148.0857	1071	AK	SNTL	50
Kantishna	63.54167	-150.994	1072	AK	SNTL	1550
Mt. Eyak	60.55	-145.745	1073	AK	SNTL	1405
Swan Lake Mtn	42.41323	-121.68002	1077	OR	SNTL	6830
Sun Pass	42.78637	-121.97715	1078	OR	SNTL	5400
Milk Shakes	45.9821	-117.94883	1079	OR	SNTL	5580
Brown Top	48.92755	-121.19713	1080	WA	SNTL	5830
Ragged Mountain	47.85583	-117.03667	1081	ID	SNTL	4210
Grand Targhee	43.77933	-110.92783	1082	WY	SNTL	9260
Tres Ritos	36.12778	-105.52714	1083	NM	SNTL	8600
Miller Woods	45.24755	-123.27563	1084	OR	SNTL	420
Cayuse Pass	46.86954	-121.5343	1085	WA	SNTL	5240
Tokositna Valley	62.63	-150.77617	1089	AK	SNTL	850
Upper Nome Creek	65.3671	-146.592	1090	AK	SNTL	2520
Independence Mine	61.79117	-149.27967	1091	AK	SNTL	3550
Exit Glacier	60.19033	-149.62117	1092	AK	SNTL	400
Chisana	62.069	-142.049	1093	AK	SNTL	3320
Monahan Flat	63.30533	-147.64633	1094	AK	SNTL	2710
Sugarloaf Mtn	61.081	-146.2995	1095	AK	SNTL	550
May Creek	61.34783	-142.70967	1096	AK	SNTL	1610
Timberline	39.67712	-110.43395	1097	UT	SNTL	8736
Usu Doc Daniel	41.86425	-111.50603	1098	UT	SNTL	8270
Jones Corral	38.07125	-112.16788	1099	UT	SNTL	9749
Saint Elmo	38.69978	-106.36801	1100	CO	SNTL	10540
Chapman Tunnel	39.26217	-106.62931	1101	CO	SNTL	10110
Hayden Pass	38.29326	-105.8505	1102	CO	SNTL	10720
Mt. Alyeska	60.95983	-149.08617	1103	AK	SNTL	1540
Pepper Creek	46.10242	-121.95555	1104	WA	SNTL	2140
East Boulder Mine	45.50381	-110.08019	1105	MT	SNTL	6335
Elk Peak	46.4845	-110.7125	1106	MT	SNTL	7600
Buckinghorse	47.7086	-123.45747	1107	WA	SNTL	4870
Calamity	45.90362	-122.21633	1109	WA	SNTL	2500
Rainbow Canyon	36.2493	-115.62972	1110	NV	SNTL	7860
Bristlecone Trail	36.31575	-115.69543	1111	NV	SNTL	8890
Lee Canyon	36.30537	-115.67508	1112	NV	SNTL	8626
Tony Grove RS	41.88573	-111.56918	1113	UT	SNTL	6332
Garden City Summit	41.9215	-111.4693	1114	UT	SNTL	7705
Klondike Narrows	41.96769	-111.59713	1115	UT	SNTL	7250
Lakefork #3	40.5502	-110.3529	1116	UT	SNTL	8464
Spirit Lk	40.83868	-110.00527	1117	UT	SNTL	10235
Lost Creek Resv	41.22155	-111.35947	1118	UT	SNTL	6082
Blackhall Mtn	41.05616	-106.71384	1119	WY	SNTL	9820
Elliot Ridge	39.864	-106.4246	1120	CO	SNTL	10520
Fort Valley	35.26806	-111.74486	1121	AZ	SNTL	7350
Hourglass Lake	40.57913	-105.63068	1122	CO	SNTL	9380
Long Draw Resv	40.5123	-105.7656	1123	CO	SNTL	9980
Moon Pass	37.96661	-106.55837	1124	CO	SNTL	11140
Mormon Mtn Summit	34.96964	-111.50922	1125	AZ	SNTL	8500
Nutrioso	33.89747	-109.15517	1127	AZ	SNTL	8500
Sargents Mesa	38.28555	-106.37069	1128	CO	SNTL	11530
Indian Rock	45.99077	-120.80767	1129	WA	SNTL	5360
Castle Creek	43.6748	-109.3774	1130	WY	SNTL	8400
Little Goose	44.54315	-107.17865	1131	WY	SNTL	8870
Soldier Park	44.34847	-107.0136	1132	WY	SNTL	8720
Pocket Creek	42.7121	-109.4112	1133	WY	SNTL	9360
Larsen Creek	42.5801	-109.0883	1134	WY	SNTL	9000
Burts Miller Ranch	40.98492	-110.85075	1135	UT	SNTL	8000
Toe Jam	41.3187	-116.3408	1136	NV	SNTL	7690
Vacarro Springs	39.4495	-115.9834	1137	NV	SNTL	7890
Navajo Whiskey Ck	36.17728	-108.94691	1138	NM	SNTL	9050
Chalender	35.26247	-112.06231	1139	AZ	SNTL	7100
Baker Butte Smt	34.45547	-111.38272	1140	AZ	SNTL	7700
Upper Taylor	38.99077	-106.75422	1141	CO	SNTL	10640
Pierce R.S.	46.49597	-115.7957	1142	ID	SNTL	3080
Beaver Spring	36.32678	-109.05711	1143	AZ	SNTL	9200
Blacktail Mtn	47.98288	-114.3543	1144	MT	SNTL	5650
Kilfoil Creek	41.24764	-111.41249	1145	UT	SNTL	7220
Oak Creek	39.3485	-112.32639	1146	UT	SNTL	7850
Wheeler Peak	39.00995	-114.31021	1147	NV	SNTL	10060
Panguitch Lake RS	37.70463	-112.65037	1148	UT	SNTL	8350
Fish Lake Utah	38.50455	-111.76693	1149	UT	SNTL	8798
Kalamazoo	39.5579	-114.62762	1150	NV	SNTL	7775
George Creek	41.91562	-113.41154	1151	UT	SNTL	8964
Cave Mountain	39.16337	-114.6133	1152	NV	SNTL	10578
Buckboard Flat	37.86943	-109.44717	1153	UT	SNTL	8924
Brian Head	37.67994	-112.85674	1154	UT	SNTL	10039
Bird Creek	39.46138	-114.64863	1155	NV	SNTL	7537
Box Springs	38.49746	-112.00779	1156	UT	SNTL	9228
Howard Prairie	42.215	-122.3713	1158	OR	SNTL	4580
Gold Axe Camp	48.9516	-118.9864	1159	WA	SNTL	5360
Weminuche Creek	37.51976	-107.32152	1160	CO	SNTL	10740
Black Mountain	40.888	-105.66397	1161	CO	SNTL	8920
Blacks Fork Jct	40.95814	-110.5828	1162	UT	SNTL	8869
EF Blacks Fork GS	40.88472	-110.54056	1163	UT	SNTL	9360
Bear Grass	44.3253	-122.0938	1166	OR	SNTL	4720
Smith Ridge	44.30325	-122.04053	1167	OR	SNTL	3270
Taos Powderhorn	36.58203	-105.45611	1168	NM	SNTL	11057
Shuree	36.78778	-105.23999	1169	NM	SNTL	10100
Palo	36.40848	-105.33063	1170	NM	SNTL	9350
Trinity	48.0747	-120.8493	1171	WA	SNTL	2930
San Antonio Sink	36.8622	-106.22502	1172	NM	SNTL	9100
Garita Peak	36.005	-106.54838	1173	NM	SNTL	10160
Fairbanks F.O.	64.85	-147.8	1174	AK	SNTL	450
Kelly Station	67.93333	-162.28333	1175	AK	SNTL	310
Moore Creek Bridge	59.58783	-135.2105	1176	AK	SNTL	2250
Prudhoe Bay	70.26666	-148.56666	1177	AK	SNTL	30
Bettles Field	66.91667	-151.53333	1182	AK	SNTL	640
Sagwon	69.42417	-148.6925	1183	AK	SNTL	1000
Gooseberry RS Up	38.7882	-111.68892	1184	UT	SNTL	8396
Black Mesa	37.78972	-108.18365	1185	CO	SNTL	11580
Fool Creek	39.8687	-105.8675	1186	CO	SNTL	11150
High Lonesome	40.03592	-105.75471	1187	CO	SNTL	10620
Wager Gulch	37.88248	-107.3643	1188	CO	SNTL	11100
American Creek	64.78969	-141.23376	1189	AK	SNTL	1050
Mcneil River SGS	59.08332	-154.27543	1191	AK	SNTL	140
Buck Pasture	40.84456	-110.66068	1192	UT	SNTL	9632
Summit Lk	41.48953	-118.99663	1194	NV	SNTL	7615
Golconda	40.88358	-117.58812	1195	NV	SNTL	6616
Med Bow	41.37833	-106.34681	1196	WY	SNTL	10500
Yankee Reservoir	37.74797	-112.77495	1197	UT	SNTL	8692
Tent Mtn Lower	40.97852	-115.17215	1202	NV	SNTL	7100
Stag Mountain	41.408	-115.4464	1203	NV	SNTL	7640
Columbia Basin	41.67167	-116.07033	1204	NV	SNTL	6483
Silver Creek Nv	39.23305	-114.2429	1205	NV	SNTL	8200
Midas	41.26873	-116.80332	1206	NV	SNTL	6630
Merritt Mountain	41.8927	-115.858	1207	NV	SNTL	6915
Snowstorm Mtn	41.33981	-116.98044	1208	NV	SNTL	7403
Corduroy Flat	38.99651	-115.42478	1209	NV	SNTL	8640
Defiance Mines	39.08527	-114.89977	1210	NV	SNTL	9302
Jakes Creek	41.5687	-115.03243	1211	NV	SNTL	7380
Bar M	34.86136	-111.60503	1212	AZ	SNTL	6393
White River Nv	38.94557	-115.37922	1213	NV	SNTL	7367
Bevans Cabin	40.46182	-112.25233	1214	UT	SNTL	6520
Lasal Mountain-Lower	38.48167	-109.29164	1215	UT	SNTL	8783
Huntington Horse	39.61774	-111.30576	1216	UT	SNTL	9652
Rees Flat	39.49667	-111.72508	1217	UT	SNTL	7206
GBRC HQ	39.32019	-111.48827	1221	UT	SNTL	8801
GBRC Meadows	39.30229	-111.45383	1222	UT	SNTL	9858
Hobble Creek	40.18538	-111.35971	1223	UT	SNTL	7377
Mt Baldy	39.13648	-111.50527	1224	UT	SNTL	9524
Redden Mine Lwr	40.67505	-111.21765	1225	UT	SNTL	8532
Thistle Flat	39.23803	-111.51998	1226	UT	SNTL	8787
Upper Joes Valley	39.4155	-111.2491	1227	UT	SNTL	8596
Wrigley Creek	39.13233	-111.35685	1228	UT	SNTL	9327
Satus Pass	45.98797	-120.67734	1231	WA	SNTL	3960
Corral	39.65795	-110.37906	1236	UT	SNTL	8207
Little Valley	39.25259	-119.8771	1242	NV	SNTL	6493
Dry Creek	40.8638	-115.22014	1243	NV	SNTL	6555
Pole Canyon	40.86293	-115.12067	1244	NV	SNTL	7760
Takka Wiiya	39.74104	-113.98262	1247	UT	SNTL	9122
Suu Ranch	37.59711	-112.92949	1248	UT	SNTL	8050
Sunflower Flat	38.048	-111.33981	1249	UT	SNTL	10018
Sawtooth	40.13697	-105.58625	1251	CO	SNTL	9620
Elkhead Divide	40.79649	-107.10122	1252	CO	SNTL	8780
Rio Santa Barbara	36.07192	-105.62947	1254	NM	SNTL	10664
Gold Mountain	48.18934	-118.4559	1256	WA	SNTL	4390
Skate Creek	46.64336	-121.83044	1257	WA	SNTL	3770
State Line	41.98609	-120.71574	1258	CA	SNTL	5680
Muckamuck	48.58526	-119.86624	1259	WA	SNTL	4470
Lonesome Beaver	38.07	-110.77241	1261	UT	SNTL	9410
Fry Canyon	41.57022	-115.93645	1262	NV	SNTL	6798
Pinto Rock	46.32318	-121.94219	1263	WA	SNTL	4440
Lower Kachemak Creek	59.73507	-150.69327	1265	AK	SNTL	1915
Telaquana Lake	60.98243	-153.91772	1266	AK	SNTL	1275
Alexander Lake	61.74967	-150.88967	1267	AK	SNTL	160
Fielding Lake	63.20267	-145.6305	1268	AK	SNTL	3000
Mt Pennell	37.97793	-110.7933	1269	UT	SNTL	9209
Heen Latinee	58.69652	-134.86448	1270	AK	SNTL	2065
Hawley Lake	33.97142	-109.76528	1271	AZ	SNTL	8300
ONeil Creek	41.8642	-115.08316	1272	NV	SNTL	6520
Jack Wade Jct	64.1529	-141.32693	1275	AK	SNTL	3585
Fredonyer Peak	40.68799	-120.60805	1277	CA	SNTL	7208
Bobs Hollow	38.94569	-112.15349	1278	UT	SNTL	9319
Santaquin Meadows	39.92076	-111.71802	1280	UT	SNTL	7835
Flower Mountain	59.39617	-136.28123	1285	AK	SNTL	2510
JL Meadow	44.77665	-113.12217	1287	MT	SNTL	8800
KODIAK	57.75	-152.48333	201	AK	SNTL	19
Reynolds Creek	43.28863	-116.8431	2029	ID	SNTL	5600
Porter Canyon	39.46544	-117.62069	2170	NV	SNTL	7187
Adin Mtn	41.23583	-120.79192	301	CA	SNTL	6190
Aneroid Lake #2	45.21328	-117.19258	302	OR	SNTL	7400
Apishapa	37.33062	-105.06749	303	CO	SNTL	10000
Arbuckle Mtn	45.19085	-119.25392	304	OR	SNTL	5770
Atlanta Summit	43.7569	-115.23907	306	ID	SNTL	7580
Badger Pass	48.13088	-113.02317	307	MT	SNTL	6900
Baker Butte	34.4566	-111.40643	308	AZ	SNTL	7300
Bald Mtn.	44.8007	-107.84442	309	WY	SNTL	9380
Baldy	33.97883	-109.50344	310	AZ	SNTL	9125
Banfield Mountain	48.5712	-115.44573	311	MT	SNTL	5600
Banner Summit	44.30342	-115.23447	312	ID	SNTL	7040
Barker Lakes	46.09713	-113.13038	313	MT	SNTL	8250
Base Camp	43.94019	-110.44544	314	WY	SNTL	7060
Basin Creek	45.79737	-112.52047	315	MT	SNTL	7180
Bateman	36.51216	-106.32129	316	NM	SNTL	9300
Battle Mountain	41.05413	-107.26609	317	WY	SNTL	7440
Beagle Springs	44.47147	-112.98191	318	MT	SNTL	8850
Bear Basin	44.95222	-116.14293	319	ID	SNTL	5350
Bear Canyon	43.74367	-113.93797	320	ID	SNTL	7900
Bear Creek	41.83384	-115.45278	321	NV	SNTL	8040
Bear Lake	40.31118	-105.64483	322	CO	SNTL	9500
Bear Mountain	48.30577	-116.07448	323	ID	SNTL	5400
Bear Saddle	44.60533	-116.98097	324	ID	SNTL	6180
Bear Trap Meadow	43.88743	-107.06135	325	WY	SNTL	8200
Beartooth Lake	44.94307	-109.56743	326	WY	SNTL	9360
Beartown	37.71409	-107.51212	327	CO	SNTL	11600
Beaver Creek	44.94966	-111.35852	328	MT	SNTL	7850
Beaver Dams	39.13683	-111.55813	329	UT	SNTL	7990
Beaver Divide	40.61233	-111.09782	330	UT	SNTL	8280
Beaver Reservoir	45.14532	-118.219	331	OR	SNTL	5150
Ben Lomond Peak	41.37603	-111.94405	332	UT	SNTL	7689
Ben Lomond Trail	41.38291	-111.92103	333	UT	SNTL	5972
Berry Creek	39.31917	-114.62278	334	NV	SNTL	9377
Berthoud Summit	39.80392	-105.77789	335	CO	SNTL	11300
Big Bend	41.76168	-115.6931	336	NV	SNTL	6898
Big Creek Sum	39.29148	-117.11506	337	NV	SNTL	8685
Big Creek Summit	44.62621	-115.79561	338	ID	SNTL	6560
Big Flat	38.30183	-112.35672	339	UT	SNTL	10349
Big Meadow	39.455	-119.9422	340	NV	SNTL	8235
Big Red Mountain	42.05257	-122.85487	341	OR	SNTL	6050
Big Sandy Opening	42.6458	-109.25965	342	WY	SNTL	9080
Bigelow Camp	42.07875	-123.34393	343	OR	SNTL	5130
Billie Creek Divide	42.40717	-122.26617	344	OR	SNTL	5280
Bison Lake	39.76487	-107.35681	345	CO	SNTL	10880
Bisson Creek	47.68389	-113.99901	346	MT	SNTL	4920
Black Bear	44.50832	-111.12803	347	MT	SNTL	8170
Black Flat-U.M. Ck	38.6799	-111.59765	348	UT	SNTL	9414
Black Pine	46.414	-113.43095	349	MT	SNTL	7210
Blackwater	44.37667	-109.79333	350	WY	SNTL	9780
Blazed Alder	45.4287	-121.85605	351	OR	SNTL	3650
Blewett Pass	47.35037	-120.6796	352	WA	SNTL	4240
Blind Bull Sum	42.964	-110.60973	353	WY	SNTL	8650
Blind Park	44.10772	-103.97688	354	SD	SNTL	6890
Bloody Dick	45.16507	-113.50099	355	MT	SNTL	7600
Blue Lakes	38.608	-119.92437	356	CA	SNTL	8067
Blue Mountain Spring	44.24767	-118.51722	357	OR	SNTL	5870
Bone Springs Div	44.67888	-107.5811	358	WY	SNTL	9350
Bostetter R.S.	42.16442	-114.19272	359	ID	SNTL	7500
Boulder Mountain	46.5596	-111.28973	360	MT	SNTL	7950
Bourne	44.83052	-118.18787	361	OR	SNTL	5850
Bowman Springs	45.36428	-118.46715	362	OR	SNTL	4530
Box Canyon	45.2719	-110.24903	363	MT	SNTL	6670
Box Creek	38.50809	-112.01856	364	UT	SNTL	9853
Brackett Creek	45.89107	-110.93851	365	MT	SNTL	7320
Brighton	40.59936	-111.58167	366	UT	SNTL	8766
Brooklyn Lake	41.35885	-106.23209	367	WY	SNTL	10240
Brown Duck	40.58102	-110.58587	368	UT	SNTL	10574
Brumley	39.08766	-106.5417	369	CO	SNTL	10600
Brundage Reservoir	45.04315	-116.13253	370	ID	SNTL	6250
Buck Flat	39.134	-111.43722	371	UT	SNTL	9409
Buckskin Lower	41.75067	-117.53182	373	NV	SNTL	6930
Bug Lake	41.68541	-111.41987	374	UT	SNTL	7987
Bumping Ridge	46.81003	-121.33058	375	WA	SNTL	4610
Bunchgrass Mdw	48.68688	-117.17633	376	WA	SNTL	5000
Burgess Junction	44.78765	-107.52917	377	WY	SNTL	7880
Burro Mountain	39.87505	-107.59853	378	CO	SNTL	9400
Burroughs Creek	43.69733	-109.67021	379	WY	SNTL	8750
Butte	38.89433	-106.953	380	CO	SNTL	10160
Calvert Creek	45.8838	-113.32553	381	MT	SNTL	6430
Camas Creek Divide	43.26548	-115.3453	382	ID	SNTL	5710
Camp Jackson	37.81333	-109.48723	383	UT	SNTL	8858
Canyon	44.71961	-110.51084	384	WY	SNTL	7870
Carrot Basin	44.96192	-111.29403	385	MT	SNTL	9000
Cascade	37.65083	-107.80602	386	CO	SNTL	8880
Cascade #2	37.658	-107.80268	387	CO	SNTL	8920
Cascade Summit	43.59042	-122.0601	388	OR	SNTL	5100
Casper Mtn.	42.73389	-106.31861	389	WY	SNTL	7900
Castle Valley	37.66098	-112.74093	390	UT	SNTL	9607
Cedar Pass	41.58233	-120.3025	391	CA	SNTL	7030
Chalk Creek #1	40.85464	-111.04765	392	UT	SNTL	9171
Chalk Creek #2	40.88529	-111.06954	393	UT	SNTL	8208
Chamita	36.95636	-106.65682	394	NM	SNTL	8400
Chemult Alternate	43.22625	-121.80662	395	OR	SNTL	4850
Chepeta	40.77458	-110.0105	396	UT	SNTL	10499
Clackamas Lake	45.09658	-121.75443	398	OR	SNTL	3400
Clear Creek #1	39.86671	-111.28363	399	UT	SNTL	8975
Clear Creek #2	39.89275	-111.25154	400	UT	SNTL	7837
Clear Lake	45.18832	-121.6916	401	OR	SNTL	3810
Cloud Peak Reservoir	44.40343	-107.06057	402	WY	SNTL	9860
Clover Meadow	45.01788	-111.8456	403	MT	SNTL	8600
Cold Springs	43.27676	-109.44585	405	WY	SNTL	9630
Cold Springs Camp	42.53305	-122.17683	406	OR	SNTL	5940
Cole Creek	45.19405	-109.34548	407	MT	SNTL	7850
Columbine	40.3948	-106.60408	408	CO	SNTL	9160
Columbine Pass	38.41795	-108.38249	409	CO	SNTL	9400
Combination	46.46523	-113.39358	410	MT	SNTL	5600
Cool Creek	46.76361	-115.29528	411	ID	SNTL	6280
Copeland Lake	40.20778	-105.56861	412	CO	SNTL	8600
Copper Bottom	47.05678	-112.595	413	MT	SNTL	5200
Copper Camp	47.08158	-112.72955	414	MT	SNTL	6950
Copper Mountain	39.48954	-106.17095	415	CO	SNTL	10550
Coronado Trail	33.80392	-109.15282	416	AZ	SNTL	8400
Corral Canyon	40.27551	-115.54017	417	NV	SNTL	8445
Corral Pass	47.01872	-121.46464	418	WA	SNTL	5800
Cottonwood Creek	42.6459	-110.81482	419	WY	SNTL	7670
Cougar Mountain	47.27666	-121.67138	420	WA	SNTL	3200
County Line	45.19107	-118.55015	422	OR	SNTL	4830
Cozy Cove	44.28846	-115.65508	423	ID	SNTL	5400
Crab Creek	44.437	-111.99384	424	ID	SNTL	6900
Crater Meadows	46.56394	-115.28903	425	ID	SNTL	5960
Crosho	40.16745	-107.0575	426	CO	SNTL	9100
Crystal Lake	46.78942	-109.51205	427	MT	SNTL	6050
Css Lab	39.32565	-120.36807	428	CA	SNTL	6894
Galena AK	64.69662	-156.71497	429	AK	SNTL	410
Culebra #2	37.20945	-105.19959	430	CO	SNTL	10500
Cumbres Trestle	37.01878	-106.45179	431	CO	SNTL	10040
Currant Creek	40.35747	-111.08993	432	UT	SNTL	7915
Daly Creek	46.18367	-113.8533	433	MT	SNTL	5780
Daly Lake	44.52147	-122.08718	434	OR	SNTL	3690
Daniels-Strawberry	40.2953	-111.25677	435	UT	SNTL	8008
Darkhorse Lake	45.17367	-113.58448	436	MT	SNTL	8945
Deadman Creek	46.79279	-110.67545	437	MT	SNTL	6450
Deadman Hill	40.80571	-105.76993	438	CO	SNTL	10220
Deadwood Summit	44.54514	-115.5638	439	ID	SNTL	6860
Derr.	44.4465	-119.93012	440	OR	SNTL	5850
Diamond Lake	43.18787	-122.14003	442	OR	SNTL	5280
Diamond Peak	39.56361	-115.84421	443	NV	SNTL	8017
Dills Camp	39.04554	-111.46875	444	UT	SNTL	9228
Disaster Peak	41.96737	-118.18934	445	NV	SNTL	6260
Dismal Swamp	41.99127	-120.18033	446	CA	SNTL	7360
Divide	44.79317	-112.05645	448	MT	SNTL	7800
Divide Peak	41.30398	-107.15241	449	WY	SNTL	8880
Dollarhide Summit	43.6025	-114.67417	450	ID	SNTL	8420
Dome Lake	44.57462	-107.29537	451	WY	SNTL	8880
Donkey Reservoir	38.2084	-111.47412	452	UT	SNTL	9799
Dorsey Basin	40.89343	-115.21104	453	NV	SNTL	7903
Draw Creek	41.661	-115.3234	454	NV	SNTL	7332
Dry Bread Pond	41.41289	-111.5377	455	UT	SNTL	8302
Dry Lake	40.53397	-106.7813	457	CO	SNTL	8400
Dupuyer Creek	48.06341	-112.7573	458	MT	SNTL	5750
East Rim Divide	43.13097	-110.2023	460	WY	SNTL	7930
East Willow Creek	39.31213	-109.53179	461	UT	SNTL	8302
Ebbetts Pass	38.5497	-119.80468	462	CA	SNTL	8661
Echo Peak	38.849	-120.0795	463	CA	SNTL	7653
Eilertson Meadows	44.86887	-118.11387	464	OR	SNTL	5510
El Diente Peak	37.78617	-108.02155	465	CO	SNTL	10000
Elk Butte	46.83998	-116.12233	466	ID	SNTL	5690
Elk River	40.84781	-106.96871	467	CO	SNTL	8700
Elkhart Park G.S.	43.00657	-109.75893	468	WY	SNTL	9400
Emery Creek	48.43412	-113.93725	469	MT	SNTL	4350
Emigrant Springs	45.55808	-118.45383	470	OR	SNTL	3800
Emigrant Summit	42.36055	-111.56085	471	ID	SNTL	7390
Evening Star	44.65258	-109.78422	472	WY	SNTL	9200
Fallen Leaf	38.93403	-120.0545	473	CA	SNTL	6242
Farmington	40.97462	-111.80975	474	UT	SNTL	7902
Farnsworth Lake	38.77246	-111.67662	475	UT	SNTL	9623
Fawn Creek	41.82098	-116.10153	476	NV	SNTL	7031
Fish Creek	42.70992	-118.6321	477	OR	SNTL	7660
Fish Lake	47.53565	-121.08553	478	WA	SNTL	3430
Fish Lk.	42.3801	-122.34943	479	OR	SNTL	4660
Fisher Creek	45.06235	-109.94488	480	MT	SNTL	9100
Five Points Lake	40.71785	-110.46721	481	UT	SNTL	10943
Flattop Mtn.	48.80225	-113.85713	482	MT	SNTL	6300
Fourmile Lake	42.43933	-122.2288	483	OR	SNTL	5970
Franklin Basin	42.0505	-111.6012	484	ID	SNTL	8140
Fremont Pass	39.37991	-106.19681	485	CO	SNTL	11400
Frisco Divide	33.73646	-108.94502	486	NM	SNTL	8000
Frohner Meadow	46.43545	-112.19277	487	MT	SNTL	6480
Fry	35.07297	-111.84374	488	AZ	SNTL	7200
Galena	43.87722	-114.6725	489	ID	SNTL	7470
Galena Summit	43.87497	-114.71363	490	ID	SNTL	8780
Gallegos Peak	36.19446	-105.55795	491	NM	SNTL	9800
Garfield R.S.	43.6104	-113.9308	492	ID	SNTL	6560
Giveout	42.4132	-111.1663	493	ID	SNTL	6930
Gold Center	44.7638	-118.3117	494	OR	SNTL	5410
Gooseberry RS	38.80034	-111.68333	495	UT	SNTL	7944
Graham Guard Sta.	43.9538	-115.27387	496	ID	SNTL	5690
Granite Creek	43.34298	-110.43495	497	WY	SNTL	6770
Granite Peak	41.67032	-117.56668	498	NV	SNTL	8503
Grassy Lake	44.12612	-110.83435	499	WY	SNTL	7265
Grave Creek	48.91453	-114.76663	500	MT	SNTL	4300
Grave Springs	43.46643	-107.23977	501	WY	SNTL	8550
Green Lake	46.54741	-121.17093	502	WA	SNTL	5920
Green Mountain	40.3848	-115.52757	503	NV	SNTL	8185
Greenpoint	45.62237	-121.70415	504	OR	SNTL	3310
Grizzly Peak	39.64631	-105.86973	505	CO	SNTL	11100
Gros Ventre Summit	43.38939	-110.12943	506	WY	SNTL	8750
Grouse Camp	47.28107	-120.48771	507	WA	SNTL	5390
Hagans Meadow	38.8519	-119.9374	508	CA	SNTL	7742
Hams Fork	42.146	-110.67833	509	WY	SNTL	7840
Hand Creek	48.30754	-114.84075	510	MT	SNTL	5035
Hannagan Meadows	33.65387	-109.30952	511	AZ	SNTL	9020
Hansen Sawmill	44.25602	-106.97983	512	WY	SNTL	8360
Lakefork Basin	40.73785	-110.62121	513	UT	SNTL	10885
Harris Flat	37.48997	-112.57602	514	UT	SNTL	7792
Harts Pass	48.72047	-120.6586	515	WA	SNTL	6490
Hawkins Lake	48.9723	-115.95337	516	MT	SNTL	6450
Hayden Fork	40.79669	-110.88472	517	UT	SNTL	9130
Heavenly Valley	38.92431	-119.91641	518	CA	SNTL	8534
Heber	34.31202	-110.75431	519	AZ	SNTL	7640
Hemlock Butte	46.48111	-115.63361	520	ID	SNTL	5810
Hewinta	40.95009	-110.48419	521	UT	SNTL	9500
Hickerson Park	40.90663	-109.96287	522	UT	SNTL	9122
High Ridge	45.69682	-118.10657	523	OR	SNTL	4920
Hilts Creek	44.01897	-113.4723	524	ID	SNTL	8000
Hobbs Park	42.86984	-109.09455	525	WY	SNTL	10100
Hogg Pass	44.42042	-121.85655	526	OR	SNTL	4790
Hole-in-Mountain	40.94168	-115.0954	527	NV	SNTL	8163
Hole-in-Rock	40.92167	-110.18623	528	UT	SNTL	9168
Holland Meadows	43.66917	-122.56877	529	OR	SNTL	4930
Hoodoo Basin	46.9751	-115.0349	530	MT	SNTL	6050
Hoosier Pass	39.36127	-106.05978	531	CO	SNTL	11400
Hopewell	36.71631	-106.26348	532	NM	SNTL	10000
Horse Ridge	41.31372	-111.44624	533	UT	SNTL	8199
Howell Canyon	42.32029	-113.61587	534	ID	SNTL	7980
Humboldt Gulch	47.53178	-115.77643	535	ID	SNTL	4250
Hyndman	43.71077	-114.15894	537	ID	SNTL	7620
Idarado	37.9339	-107.67552	538	CO	SNTL	9800
Independence Camp	39.45269	-120.29367	539	CA	SNTL	6980
Independence Creek	39.49001	-120.28226	540	CA	SNTL	6436
Independence Lake	39.42752	-120.31342	541	CA	SNTL	8338
Independence Pass	39.07539	-106.61169	542	CO	SNTL	10600
Indian Canyon	39.89166	-110.74604	543	UT	SNTL	9171
Indian Creek	42.30023	-110.67753	544	WY	SNTL	9425
Irish Taylor	43.80368	-121.94793	545	OR	SNTL	5540
Island Park	44.4203	-111.38512	546	ID	SNTL	6290
Ivanhoe	39.29202	-106.54923	547	CO	SNTL	10400
Jack Creek Upper	41.54675	-116.00517	548	NV	SNTL	7377
Jacks Peak	41.5136	-116.0117	549	NV	SNTL	8424
Jackson Peak	44.05092	-115.44322	550	ID	SNTL	7070
Joe Wright	40.53215	-105.887	551	CO	SNTL	10120
Jump Off Joe	44.38605	-122.16683	552	OR	SNTL	3520
June Lake	46.14778	-122.15413	553	WA	SNTL	3440
Kelley R.S.	42.26554	-110.80177	554	WY	SNTL	8180
Kendall R.S.	43.2493	-110.01662	555	WY	SNTL	7740
Kiln	39.31724	-106.61453	556	CO	SNTL	9600
Kimberly Mine	38.48383	-112.39273	557	UT	SNTL	9101
King Mountain	42.72395	-123.20037	558	OR	SNTL	4340
Kings Cabin	40.71632	-109.54401	559	UT	SNTL	8728
Kirwin	43.86067	-109.32163	560	WY	SNTL	9550
Kolob	37.52664	-113.05386	561	UT	SNTL	9263
Kraft Creek	47.42749	-113.77515	562	MT	SNTL	4750
Lake Creek R.S.	44.21007	-118.63752	563	OR	SNTL	5240
Lake Eldora	39.93678	-105.58956	564	CO	SNTL	9700
Lake Irene	40.41432	-105.8198	565	CO	SNTL	10700
Lakefork #1	40.59709	-110.43316	566	UT	SNTL	10128
Lakeview Ridge	44.58907	-111.82498	568	MT	SNTL	7400
Lamance Creek	41.51542	-117.63197	569	NV	SNTL	6395
Lamoille #3	40.6448	-115.3812	570	NV	SNTL	8051
Laprele Creek	42.43583	-105.86083	571	WY	SNTL	8375
Lasal Mountain	38.48226	-109.27198	572	UT	SNTL	9578
Laurel Draw	41.77637	-116.02957	573	NV	SNTL	6682
Leavitt Lake	38.27594	-119.61281	574	CA	SNTL	9604
Leavitt Meadows	38.30367	-119.55111	575	CA	SNTL	7198
Lemhi Ridge	44.9938	-113.44399	576	MT	SNTL	8100
Lewis Lake Divide	44.20862	-110.66628	577	WY	SNTL	7850
Lick Creek	45.5041	-110.96625	578	MT	SNTL	6860
Lily Lake	40.86493	-110.79813	579	UT	SNTL	9133
Lily Pond	37.37929	-106.54835	580	CO	SNTL	11000
Little Bear	41.40562	-111.82607	582	UT	SNTL	6548
Little Grassy	37.48631	-113.84582	583	UT	SNTL	6065
Little Meadows	44.61297	-122.22565	584	OR	SNTL	4020
Little Warm	43.50278	-109.752	585	WY	SNTL	9370
Lizard Head Pass	37.79926	-107.92426	586	CO	SNTL	10200
Lobdell Lake	38.43745	-119.36572	587	CA	SNTL	9249
Lolo Pass	46.63448	-114.58072	588	ID	SNTL	5240
Lone Cone	37.89183	-108.19544	589	CO	SNTL	9600
Lone Mountain	45.27412	-111.42692	590	MT	SNTL	8880
Lone Pine	46.27143	-121.96288	591	WA	SNTL	3930
Long Flat	37.51255	-113.39661	592	UT	SNTL	7982
Long Valley Jct	37.48756	-112.51458	593	UT	SNTL	7465
Lookout	47.45749	-115.70457	594	ID	SNTL	5190
Lookout Mountain	33.36027	-107.83122	595	NM	SNTL	8500
Lookout Peak	40.83731	-111.70965	596	UT	SNTL	8161
Loomis Park	43.17387	-110.14007	597	WY	SNTL	8240
Lost Horse	46.3575	-121.08095	599	WA	SNTL	5120
Lost Lake	47.0809	-115.9604	600	ID	SNTL	6110
Lost-Wood Divide	43.82432	-114.26402	601	ID	SNTL	7900
Loveland Basin	39.67433	-105.90133	602	CO	SNTL	11400
Lower Twin	45.50871	-111.92288	603	MT	SNTL	7900
Lubrecht Flume	46.88293	-113.32228	604	MT	SNTL	4680
Lucky Strike	45.27478	-118.8479	605	OR	SNTL	4970
Lyman Lake	48.19798	-120.91678	606	WA	SNTL	5980
Lynx Pass	40.07806	-106.67028	607	CO	SNTL	8880
Madison Butte	45.10513	-119.49585	608	OR	SNTL	5150
Madison Plateau	44.58623	-111.11627	609	MT	SNTL	7750
Magic Mountain	42.18072	-114.28662	610	ID	SNTL	6880
Mammoth-Cottonwood	39.68338	-111.31818	612	UT	SNTL	8709
Many Glacier	48.79698	-113.6705	613	MT	SNTL	4900
Marion Forks	44.59397	-121.97365	614	OR	SNTL	2590
Marlette Lake	39.16395	-119.89672	615	NV	SNTL	7884
Marquette	44.3016	-109.24019	616	WY	SNTL	8760
Maverick Fork	33.92121	-109.45881	617	AZ	SNTL	9200
Mc Clure Pass	39.12897	-107.28806	618	CO	SNTL	9500
Mckenzie	44.2103	-121.87292	619	OR	SNTL	4770
Meadow Lake	44.43655	-113.31815	620	ID	SNTL	9150
Merchant Valley	38.30285	-112.43637	621	UT	SNTL	8705
Mesa Lakes	39.05831	-108.05835	622	CO	SNTL	10000
Mica Creek	47.15045	-116.26643	623	ID	SNTL	4510
Middle Creek	37.61978	-107.03482	624	CO	SNTL	11250
Middle Powder	43.62728	-107.18138	625	WY	SNTL	7760
Midway Valley	37.56933	-112.83849	626	UT	SNTL	9827
Mill Creek Summit	44.47212	-114.48992	627	ID	SNTL	8800
Mill-D North	40.65883	-111.63683	628	UT	SNTL	8963
Mineral Creek	37.84747	-107.72657	629	CO	SNTL	10040
Mining Fork	40.49384	-112.61141	631	UT	SNTL	8295
Molas Lake	37.74932	-107.68866	632	CO	SNTL	10500
Monitor Pass	38.6683	-119.6087	633	CA	SNTL	8306
Monte Cristo	41.46547	-111.49688	634	UT	SNTL	8932
Monument Peak	45.21759	-110.237	635	MT	SNTL	8850
Moonshine	44.4147	-113.39812	636	ID	SNTL	7440
Mores Creek Summit	43.932	-115.66588	637	ID	SNTL	6100
Moose Creek	45.67008	-113.95315	638	ID	SNTL	6200
Morgan Creek	44.84237	-114.26871	639	ID	SNTL	7600
Mormon Mountain	34.94109	-111.51849	640	AZ	SNTL	7500
Frostbite Bottom	61.74722	-149.2688	641	AK	SNTL	2700
Morse Lake	46.90585	-121.4827	642	WA	SNTL	5410
Mosby Mtn.	40.60798	-109.8881	643	UT	SNTL	9553
Moses Mtn	48.36163	-119.08159	644	WA	SNTL	5010
Mosquito Ridge	48.05726	-116.23055	645	ID	SNTL	5260
Moss Peak	47.68493	-113.9623	646	MT	SNTL	6780
Moss Springs	45.27173	-117.68747	647	OR	SNTL	5760
Mount Crag	47.7637	-123.026	648	WA	SNTL	3960
Mount Lockhart	47.91727	-112.8238	649	MT	SNTL	6400
Mountain Meadows	45.69694	-115.22972	650	ID	SNTL	6320
Mt Hood Test Site	45.32097	-121.7158	651	OR	SNTL	5370
Mt Rose Ski Area	39.31573	-119.89473	652	NV	SNTL	8801
Mt. Howard	45.26522	-117.17373	653	OR	SNTL	7910
Mud Flat	42.6004	-116.55925	654	ID	SNTL	5730
Mud Ridge	45.25362	-121.73673	655	OR	SNTL	4070
Mule Creek	45.40957	-112.95927	656	MT	SNTL	8300
N Fk Elk Creek	46.8716	-113.27725	657	MT	SNTL	6250
Nast Lake	39.29722	-106.60694	658	CO	SNTL	8700
New Crescent Lake	43.51185	-121.97982	660	OR	SNTL	4910
New Fork Lake	43.11265	-109.94947	661	WY	SNTL	8340
Nez Perce Camp	45.73107	-114.48075	662	MT	SNTL	5650
Niwot	40.03523	-105.54426	663	CO	SNTL	9910
Noisy Basin	48.15678	-113.94637	664	MT	SNTL	6040
North Costilla	36.99378	-105.25963	665	NM	SNTL	10600
North Fork	45.5505	-122.00283	666	OR	SNTL	3060
North Fork Jocko	47.2726	-113.75617	667	MT	SNTL	6330
North French Creek	41.3308	-106.37555	668	WY	SNTL	10130
North Lost Trail	39.07813	-107.14389	669	CO	SNTL	9200
Northeast Entrance	45.00565	-110.01406	670	MT	SNTL	7350
Ochoco Meadows	44.42917	-120.3311	671	OR	SNTL	5430
Olallie Meadows	47.37406	-121.44213	672	WA	SNTL	4030
Old Battle	41.15397	-106.96937	673	WY	SNTL	10000
Overland Res.	39.09056	-107.63472	675	CO	SNTL	9840
Owl Creek	43.65868	-109.00988	676	WY	SNTL	8975
Oxford Spring	42.26015	-112.12515	677	ID	SNTL	6740
Paradise	46.78265	-121.74765	679	WA	SNTL	5130
Park Cone	38.81996	-106.58974	680	CO	SNTL	9600
Park Creek Ridge	48.44488	-120.91551	681	WA	SNTL	4600
Park Reservoir	39.04644	-107.87414	682	CO	SNTL	9960
Parker Peak	44.73396	-109.91484	683	WY	SNTL	9400
Parleys Summit	40.76184	-111.62917	684	UT	SNTL	7585
Payson R.S.	39.92976	-111.63109	686	UT	SNTL	8044
Peavine Ridge	45.04148	-121.93252	687	OR	SNTL	3420
Phantom Valley	40.39937	-105.84757	688	CO	SNTL	9030
Phillips Bench	43.51687	-110.91258	689	WY	SNTL	8200
Pickfoot Creek	46.57978	-111.26832	690	MT	SNTL	6650
Pickle Keg	39.01219	-111.58259	691	UT	SNTL	9020
Pigtail Peak	46.62153	-121.38643	692	WA	SNTL	5800
Pike Creek	48.30305	-113.32868	693	MT	SNTL	5930
Pine Creek	38.88185	-112.24915	694	UT	SNTL	8734
Pine Creek Pass	43.56998	-111.21157	695	ID	SNTL	6720
Placer Basin	45.41905	-110.08844	696	MT	SNTL	8830
Poison Flat	38.50576	-119.62624	697	CA	SNTL	7736
Pole Creek R.S.	41.87255	-115.24713	698	NV	SNTL	8360
Pope Ridge	47.9909	-120.56622	699	WA	SNTL	3590
Porcupine	46.11192	-110.4696	700	MT	SNTL	6500
Porphyry Creek	38.48884	-106.33965	701	CO	SNTL	10760
Potato Hill	46.34963	-121.51435	702	WA	SNTL	4510
Powder River Pass	44.16188	-107.12622	703	WY	SNTL	9480
Prairie	43.50513	-115.573	704	ID	SNTL	4800
Promontory	34.36824	-111.01084	705	AZ	SNTL	7930
Quartz Mountain	42.31923	-120.82533	706	OR	SNTL	5720
Quartz Peak	47.87927	-117.08938	707	WA	SNTL	4700
Quemazon	35.92244	-106.39203	708	NM	SNTL	9500
Rabbit Ears	40.36783	-106.74038	709	CO	SNTL	9400
Railroad Overpass	43.65887	-122.21272	710	OR	SNTL	2680
Rainy Pass	48.51865	-120.7358	711	WA	SNTL	4890
Red Hill	45.4643	-121.70428	712	OR	SNTL	4410
Red Mountain Pass	37.8918	-107.71342	713	CO	SNTL	11200
Red Pine Ridge	39.45197	-111.27221	714	UT	SNTL	8988
Red River Pass #2	36.69925	-105.34125	715	NM	SNTL	9850
Reno Hill	42.57111	-106.08889	716	WY	SNTL	8400
Ripple Creek	40.10812	-107.29411	717	CO	SNTL	10340
Roach	40.87502	-106.04603	718	CO	SNTL	9700
Roaring River	43.90098	-122.03063	719	OR	SNTL	4950
Rock Creek	40.54875	-110.69292	720	UT	SNTL	7886
Rock Springs	44.00883	-118.83842	721	OR	SNTL	5290
Rocker Peak	46.35613	-112.26176	722	MT	SNTL	8000
Rocky Basin-Settleme	40.44293	-112.22377	723	UT	SNTL	8704
Rubicon #2	38.99927	-120.13139	724	CA	SNTL	7619
S Fork Shields	46.0896	-110.43363	725	MT	SNTL	8100
Saddle Mountain	45.54477	-123.37315	726	OR	SNTL	3110
Saddle Mtn.	45.69259	-113.96828	727	MT	SNTL	7940
Salmon Meadows	48.65518	-119.8383	728	WA	SNTL	4460
Salt Creek Falls	43.61193	-122.11758	729	OR	SNTL	4220
Salt River Summit	42.5075	-110.9099	730	WY	SNTL	7640
Sand Lake	41.46257	-106.28107	731	WY	SNTL	10050
Sandstone RS	41.11172	-107.1706	732	WY	SNTL	8150
Santiam Jct.	44.43503	-121.94502	733	OR	SNTL	3740
Sasse Ridge	47.38485	-121.06323	734	WA	SNTL	4340
Savage Pass	46.46633	-114.63333	735	ID	SNTL	6190
Schneider Meadows	45.00107	-117.16522	736	OR	SNTL	5400
Schofield Pass	39.01522	-107.04877	737	CO	SNTL	10700
Schweitzer Basin	48.37428	-116.63917	738	ID	SNTL	6090
Scotch Creek	37.64556	-108.00786	739	CO	SNTL	9100
Secesh Summit	45.18848	-115.97152	740	ID	SNTL	6540
Sedgwick Peak	42.52497	-111.95635	741	ID	SNTL	7850
Seeley Creek	39.31042	-111.43297	742	UT	SNTL	9904
Seine Creek	45.52688	-123.29857	743	OR	SNTL	2060
Senorita Divide #2	36.00198	-106.83348	744	NM	SNTL	8600
Sevenmile Marsh	42.69825	-122.14165	745	OR	SNTL	5700
Seventysix Creek	41.73732	-115.47215	746	NV	SNTL	7350
Shanghi Summit	46.56603	-115.74216	747	ID	SNTL	4600
Sheep Canyon	46.19325	-122.25393	748	WA	SNTL	3990
Sheep Mtn.	43.2103	-111.68792	749	ID	SNTL	6650
Sheldon	41.90435	-119.44464	750	NV	SNTL	5865
Shell Creek	44.50012	-107.42947	751	WY	SNTL	9580
Sherwin	46.95028	-116.33972	752	ID	SNTL	3200
Short Creek	44.97572	-111.95215	753	MT	SNTL	7000
Shower Falls	45.40125	-110.95758	754	MT	SNTL	8100
Signal Peak	32.92401	-108.14538	755	NM	SNTL	8360
Silver Creek	42.95615	-121.18123	756	OR	SNTL	5740
Silver Creek Divide	33.37106	-108.70618	757	NM	SNTL	9000
Silvies	42.75333	-118.68785	759	OR	SNTL	6990
Skalkaho Summit	46.24212	-113.7725	760	MT	SNTL	7250
Slug Creek Divide	42.56248	-111.29797	761	ID	SNTL	7225
Slumgullion	37.9908	-107.20327	762	CO	SNTL	11560
Smith  Morehouse	40.78931	-111.09192	763	UT	SNTL	7631
Snake River Station	44.13361	-110.66917	764	WY	SNTL	6920
Snider Basin	42.4949	-110.53203	765	WY	SNTL	8060
Snowbird	40.56914	-111.65852	766	UT	SNTL	9177
Snow Mountain	43.94885	-119.54013	767	OR	SNTL	6230
Soldier R.S.	43.48407	-114.82692	769	ID	SNTL	5740
Somsen Ranch	42.95275	-111.35933	770	ID	SNTL	6800
Sonora Pass	38.31021	-119.6003	771	CA	SNTL	8770
South Brush Creek	41.32943	-106.50248	772	WY	SNTL	8440
South Colony	37.96811	-105.53787	773	CO	SNTL	10800
South Mtn.	42.76478	-116.90037	774	ID	SNTL	6500
South Pass	42.57317	-108.84325	775	WY	SNTL	9040
Spencer Meadow	46.1795	-121.92661	776	WA	SNTL	3400
Spirit Lake	46.26113	-122.1772	777	WA	SNTL	3520
Spratt Creek	38.66627	-119.81741	778	CA	SNTL	6063
Spring Creek Divide	42.52516	-110.66148	779	WY	SNTL	9000
Spud Mountain	37.69866	-107.77715	780	CO	SNTL	10660
Spur Park	46.77962	-110.62165	781	MT	SNTL	8100
Squaw Flat	44.77091	-116.24805	782	ID	SNTL	6240
Sleeping Woman	47.17902	-114.33368	783	MT	SNTL	6150
Squaw Valley G.C.	39.18986	-120.26576	784	CA	SNTL	8013
McGrath	62.94652	-155.6102	785	AK	SNTL	340
St. Lawrence Alt	43.03313	-109.17025	786	WY	SNTL	8620
Stahl Peak	48.90902	-114.86298	787	MT	SNTL	6030
Stampede Pass	47.27427	-121.34162	788	WA	SNTL	3850
Starr Ridge	44.26423	-119.02162	789	OR	SNTL	5250
Steel Creek Park	40.90862	-110.50462	790	UT	SNTL	10158
Stevens Pass	47.74607	-121.09288	791	WA	SNTL	3950
Stickney Mill	43.86117	-114.20902	792	ID	SNTL	7430
Stillwater Creek	40.22543	-105.91977	793	CO	SNTL	8720
Strawberry	42.12587	-120.8361	794	OR	SNTL	5770
Strawberry Divide	40.16483	-111.20665	795	UT	SNTL	8123
Stump Lakes	37.47621	-107.63295	797	CO	SNTL	11200
Sucker Creek	44.7225	-107.40033	798	WY	SNTL	8880
Summer Rim	42.6957	-120.80158	800	OR	SNTL	7080
Summit Lake	43.44907	-122.13808	801	OR	SNTL	5610
Summit Ranch	39.71796	-106.15802	802	CO	SNTL	9400
Sunset	47.55545	-115.82422	803	ID	SNTL	5540
Surprise Lakes	46.09497	-121.76345	804	WA	SNTL	4290
Swede Peak	43.626	-113.96887	805	ID	SNTL	7640
Sylvan Lake	44.47764	-110.15651	806	WY	SNTL	8420
Sylvan Road	44.47825	-110.03808	807	WY	SNTL	7120
Tahoe City Cross	39.17162	-120.15362	809	CA	SNTL	6797
Taylor Butte	42.69108	-121.42592	810	OR	SNTL	5030
Taylor Canyon	41.2287	-116.0293	811	NV	SNTL	6325
Taylor Green	45.07707	-117.55067	812	OR	SNTL	5740
Tepee Creek	44.78562	-111.71	813	MT	SNTL	8000
Thaynes Canyon	40.6235	-111.53322	814	UT	SNTL	9230
Three Creeks Meadow	44.14425	-121.64095	815	OR	SNTL	5690
Thumb Divide	44.36917	-110.57717	816	WY	SNTL	7980
Thunder Basin	48.52753	-120.9895	817	WA	SNTL	4320
Tie Creek	44.81243	-107.41017	818	WY	SNTL	6870
Timber Creek	44.0274	-109.17879	819	WY	SNTL	7950
Timpanogos Divide	40.42817	-111.61633	820	UT	SNTL	8140
Tipton	44.65567	-118.42617	821	OR	SNTL	5150
Togwotee Pass	43.74902	-110.0578	822	WY	SNTL	9580
Tony Grove Lake	41.89833	-111.62957	823	UT	SNTL	8474
Touchet	46.11868	-117.8505	824	WA	SNTL	5530
Tower	40.53743	-106.6768	825	CO	SNTL	10500
Townsend Creek	42.69525	-108.89572	826	WY	SNTL	8700
Trapper Lake	39.99884	-107.2362	827	CO	SNTL	9700
Trial Lake	40.678	-110.94873	828	UT	SNTL	9992
Trinchera	37.35328	-105.23233	829	CO	SNTL	10860
Trinity Mtn.	43.62903	-115.43818	830	ID	SNTL	7770
Triple Peak	42.76393	-110.5914	831	WY	SNTL	8500
Trough	47.23328	-120.29412	832	WA	SNTL	5480
Trout Creek	40.739	-109.6728	833	UT	SNTL	9518
Truckee #2	39.30087	-120.18407	834	CA	SNTL	6509
Twelvemile Creek	46.14287	-114.44755	835	MT	SNTL	5600
Twin Lakes	46.1438	-114.5056	836	MT	SNTL	6400
Two Ocean Plateau	44.15178	-110.22122	837	WY	SNTL	9240
University Camp	40.03279	-105.57615	838	CO	SNTL	10300
Upper Rio Grande	37.72194	-107.26015	839	CO	SNTL	9400
Upper San Juan	37.48576	-106.83535	840	CO	SNTL	10200
Upper Wheeler	47.28734	-120.37015	841	WA	SNTL	4330
Vail Mountain	39.61676	-106.38006	842	CO	SNTL	10300
Vallecito	37.4851	-107.5068	843	CO	SNTL	10880
Vernon Creek	39.93667	-112.41478	844	UT	SNTL	7401
Vienna Mine	43.79942	-114.85273	845	ID	SNTL	8960
Virginia Lakes Ridge	38.07298	-119.23433	846	CA	SNTL	9400
Waldron	47.91998	-112.79087	847	MT	SNTL	5600
Ward Creek #3	39.13545	-120.21865	848	CA	SNTL	6745
Ward Mountain	39.13242	-114.95575	849	NV	SNTL	9163
Warm Springs	46.27368	-113.164	850	MT	SNTL	7800
Webber Springs	41.15946	-106.92714	852	WY	SNTL	9250
Webster Flat	37.575	-112.90155	853	UT	SNTL	9203
Wesner Springs	35.77556	-105.5425	854	NM	SNTL	11120
West Branch	45.0722	-116.45413	855	ID	SNTL	5560
Parleys Upper	40.70194	-111.60619	856	UT	SNTL	8353
Whiskey Ck	37.21411	-105.12245	857	CO	SNTL	10220
Whiskey Creek	44.61088	-111.14998	858	MT	SNTL	6800
Whiskey Park	41.00289	-106.90848	859	WY	SNTL	8950
White Elephant	44.53267	-111.41085	860	ID	SNTL	7710
White Horse Lake	35.14202	-112.14915	861	AZ	SNTL	7180
White Mill	45.04575	-109.90987	862	MT	SNTL	8700
White Pass E.S.	46.64142	-121.38153	863	WA	SNTL	4440
White River #1	39.9645	-110.98845	864	UT	SNTL	8641
Widtsoe #3	37.83633	-111.88163	865	UT	SNTL	9640
Wildcat	33.75835	-109.47973	866	AZ	SNTL	7850
Wildhorse Divide	42.75743	-112.47783	867	ID	SNTL	6490
Willow Creek	42.81513	-110.83515	868	WY	SNTL	8080
Willow Creek Pass	40.34703	-106.09433	869	CO	SNTL	9540
Willow Park	40.43254	-105.73337	870	CO	SNTL	10700
Wilson Creek	42.01257	-115.00278	871	ID	SNTL	7120
Windy Peak	42.2802	-105.57816	872	WY	SNTL	7900
Wolf Creek	45.06703	-118.15192	873	OR	SNTL	5630
Wolf Creek Summit	37.47922	-106.8017	874	CO	SNTL	11000
Wolverine	44.80417	-109.657	875	WY	SNTL	7650
Wood Creek	47.44847	-112.81428	876	MT	SNTL	5960
Workman Creek	33.81242	-110.91773	877	AZ	SNTL	6900
Younts Peak	43.93225	-109.81775	878	WY	SNTL	8350
Tizer Basin	46.34937	-111.85308	893	MT	SNTL	6880
Chocolate Gulch	43.7685	-114.41812	895	ID	SNTL	6310
Hardscrabble	40.86833	-111.71865	896	UT	SNTL	7250
Meadows Pass	47.28312	-121.47197	897	WA	SNTL	3230
Mount Gardner	47.35768	-121.56812	898	WA	SNTL	2920
Tinkham Creek	47.33198	-121.46975	899	WA	SNTL	2990
Stuart Mountain	46.99523	-113.92664	901	MT	SNTL	7400
Beaver Head	33.69144	-109.21657	902	AZ	SNTL	7990
Nevada Ridge	46.84234	-112.50787	903	MT	SNTL	7020
Columbus Basin	37.44147	-108.02445	904	CO	SNTL	10785
Mancos	37.43087	-108.16954	905	CO	SNTL	10000
Dry Fork	40.56533	-112.17343	906	UT	SNTL	7093
Agua Canyon	37.52217	-112.27118	907	UT	SNTL	8900
Alpine Meadows	47.77957	-121.69847	908	WA	SNTL	3500
Wells Creek	48.8661	-121.78976	909	WA	SNTL	4030
Elbow Lake	48.69092	-121.90893	910	WA	SNTL	3040
Rex River	47.30218	-121.60475	911	WA	SNTL	3810
Skookum Creek	47.68433	-121.61007	912	WA	SNTL	3310
Buffalo Park	40.22861	-106.59528	913	CO	SNTL	9240
Medano Pass	37.85164	-105.43614	914	CO	SNTL	9649
Schwartz Lake	44.84618	-113.83732	915	ID	SNTL	8630
Albro Lake	45.59723	-111.95902	916	MT	SNTL	8300
Rocky Boy	48.17478	-109.64728	917	MT	SNTL	4700
Garver Creek	48.97523	-115.81915	918	MT	SNTL	4250
Daisy Peak	46.66858	-110.33022	919	MT	SNTL	7600
North Rapid Creek	44.20617	-103.78758	920	SD	SNTL	6130
Elk Cabin	35.7043	-105.80675	921	NM	SNTL	8210
Santa Fe	35.76694	-105.78333	922	NM	SNTL	11445
Deer Park	42.59076	-108.90273	923	WY	SNTL	9700
West Yellowstone	44.65866	-111.09199	924	MT	SNTL	6700
South Fork Bull Run	45.44575	-122.03125	925	OR	SNTL	2690
Smiley Mountain	43.72718	-113.83402	926	ID	SNTL	9520
Snowslide Canyon	35.3416	-111.65058	927	AZ	SNTL	9730
Huckleberry Creek	47.06565	-121.58778	928	WA	SNTL	2250
Sacajawea	45.87395	-110.92783	929	MT	SNTL	6550
Peterson Meadows	46.12588	-113.30792	930	MT	SNTL	7200
Big Goose	44.57924	-107.20068	931	WY	SNTL	7990
Poorman Creek	48.12672	-115.62333	932	MT	SNTL	5100
Rice Park	35.23333	-108.26667	933	NM	SNTL	8460
Tolby	36.47493	-105.19468	934	NM	SNTL	10180
Jackwhacker Gulch	39.56667	-105.8	935	CO	SNTL	10960
Echo Lake	39.65627	-105.59345	936	CO	SNTL	10600
Michigan Creek	39.43577	-105.91078	937	CO	SNTL	10600
Buckskin Joe	39.3035	-106.11307	938	CO	SNTL	11150
Rough And Tumble	39.03333	-106.08333	939	CO	SNTL	10360
Lost Dog	40.81588	-106.74835	940	CO	SNTL	9320
Mowich	46.92833	-121.95232	941	WA	SNTL	3160
Burnt Mountain	47.0444	-121.94032	942	WA	SNTL	4170
Dungeness	47.87224	-123.0788	943	WA	SNTL	4010
Gunsight Pass	43.38332	-109.87815	944	WY	SNTL	9820
Gerber Reservoir	42.2062	-121.1334	945	OR	SNTL	4890
Indian Pass	61.06767	-149.4795	946	AK	SNTL	2350
Little Chena Ridge	65.12422	-146.7339	947	AK	SNTL	2000
Mt. Ryan	65.25113	-146.15133	948	AK	SNTL	2800
Monument Creek	65.07833	-145.87067	949	AK	SNTL	1850
Munson Ridge	64.85033	-146.20945	950	AK	SNTL	3100
Teuchet Creek	64.94583	-145.51667	951	AK	SNTL	1640
Upper Chena	65.1	-144.93317	952	AK	SNTL	2850
Turnagain Pass	60.78043	-149.18325	954	AK	SNTL	1880
Summit Creek	60.61713	-149.53128	955	AK	SNTL	1400
Grandview	60.60832	-149.06313	956	AK	SNTL	1100
Atigun Pass	68.12983	-149.47817	957	AK	SNTL	4800
Coldfoot	67.25333	-150.183	958	AK	SNTL	1040
Cooper Lake	60.39027	-149.6936	959	AK	SNTL	1200
Eagle Summit	65.48588	-145.41212	960	AK	SNTL	3650
Fort Yukon	66.5705	-145.24553	961	AK	SNTL	430
Gobblers Knob	66.745	-150.6675	962	AK	SNTL	2030
Granite Crk	63.94382	-145.39993	963	AK	SNTL	1240
Grouse Creek Divide	60.25965	-149.34228	964	AK	SNTL	700
Kenai Moose Pens	60.727	-150.47517	966	AK	SNTL	300
Susitna Valley High	62.13333	-150.04167	967	AK	SNTL	375
Imnaviat Creek	68.61683	-149.30017	968	AK	SNTL	3050
Happy Jack	34.74598	-111.41207	969	AZ	SNTL	7630
Jones Pass	39.7645	-105.90623	970	CO	SNTL	10400
Parrish Creek	40.93417	-111.81372	971	UT	SNTL	7740
Louis Meadow	40.83033	-111.76457	972	UT	SNTL	6700
Rocky Point	64.53482	-163.4214	973	AK	SNTL	250
Waterhole	47.94485	-123.42594	974	WA	SNTL	5010
Swamp Creek	48.57142	-120.78267	975	WA	SNTL	3930
Crowder Flat	41.89318	-120.75202	977	CA	SNTL	5170
Bogus Basin	43.76377	-116.09685	978	ID	SNTL	6340
Van Wyck	44.37665	-116.3366	979	ID	SNTL	4920
Burnt Mtn	45.2401	-109.45961	981	MT	SNTL	5880
Cole Canyon	44.48632	-104.41057	982	WY	SNTL	5910
Clayton Springs	37.9725	-111.83355	983	UT	SNTL	10049
Spruce Springs	46.18287	-117.54155	984	WA	SNTL	5700
Sourdough Gulch	46.23718	-117.39438	985	WA	SNTL	4000
Pargon Creek	64.9935	-163.10317	986	AK	SNTL	100
Port Graham	59.35065	-151.84768	987	AK	SNTL	300
Hidden Lake	48.8937	-116.75748	988	ID	SNTL	5040
Moscow Mountain	46.805	-116.8535	989	ID	SNTL	4700
Beaver Pass	48.8793	-121.2555	990	WA	SNTL	3630
Hozomeen Camp	48.98075	-121.07976	991	WA	SNTL	1690
Bear River RS	40.8852	-110.8277	992	UT	SNTL	8777
Easy Pass	48.85933	-121.43895	998	WA	SNTL	5270
Marten Ridge	48.76292	-121.69823	999	WA	SNTL	3520